Loan_ID,Gender,Married,Dependents,Education,Self_Employed,ApplicantIncome,CoapplicantIncome,LoanAmount,Loan_Amount_Term,Credit_History,Property_Area,Loan_Status,Loan_to_Income_Ratio,High_Loan_Amount_Flag,Total_Income,Education_Employment,Mean_Income_by_Area
LP001002,Male,No,0,Graduate,No,5849,0,,360,1,Urban,Y,,0,5849,Graduate_No,7114.59802
LP001003,Male,Yes,1,Graduate,No,4583,1508,128,360,1,Rural,N,0.021014612,0,6091,Graduate_No,7199.620782
LP001005,Male,Yes,0,Graduate,Yes,3000,0,66,360,1,Urban,Y,0.022,0,3000,Graduate_Yes,7114.59802
LP001006,Male,Yes,0,Not Graduate,No,2583,2358,120,360,1,Urban,Y,0.024286582,0,4941,Not Graduate_No,7114.59802
LP001008,Male,No,0,Graduate,No,6000,0,141,360,1,Urban,Y,0.0235,0,6000,Graduate_No,7114.59802
LP001011,Male,Yes,2,Graduate,Yes,5417,4196,267,360,1,Urban,Y,0.027774888,1,9613,Graduate_Yes,7114.59802
LP001013,Male,Yes,0,Not Graduate,No,2333,1516,95,360,1,Urban,Y,0.024681736,0,3849,Not Graduate_No,7114.59802
LP001014,Male,Yes,3+,Graduate,No,3036,2504,158,360,0,Semiurban,N,0.028519856,0,5540,Graduate_No,6812.39485
LP001018,Male,Yes,2,Graduate,No,4006,1526,168,360,1,Urban,Y,0.030368764,0,5532,Graduate_No,7114.59802
LP001020,Male,Yes,1,Graduate,No,12841,10968,349,360,1,Semiurban,N,0.014658322,1,23809,Graduate_No,6812.39485
LP001024,Male,Yes,2,Graduate,No,3200,700,70,360,1,Urban,Y,0.017948718,0,3900,Graduate_No,7114.59802
LP001027,Male,Yes,2,Graduate,,2500,1840,109,360,1,Urban,Y,0.025115207,0,4340,,7114.59802
LP001028,Male,Yes,2,Graduate,No,3073,8106,200,360,1,Urban,Y,0.017890688,1,11179,Graduate_No,7114.59802
LP001029,Male,No,0,Graduate,No,1853,2840,114,360,1,Rural,N,0.024291498,0,4693,Graduate_No,7199.620782
LP001030,Male,Yes,2,Graduate,No,1299,1086,17,120,1,Urban,Y,0.007127883,0,2385,Graduate_No,7114.59802
LP001032,Male,No,0,Graduate,No,4950,0,125,360,1,Urban,Y,0.025252525,0,4950,Graduate_No,7114.59802
LP001034,Male,No,1,Not Graduate,No,3596,0,100,240,,Urban,Y,0.027808676,0,3596,Not Graduate_No,7114.59802
LP001036,Female,No,0,Graduate,No,3510,0,76,360,0,Urban,N,0.021652422,0,3510,Graduate_No,7114.59802
LP001038,Male,Yes,0,Not Graduate,No,4887,0,133,360,1,Rural,N,0.02721506,0,4887,Not Graduate_No,7199.620782
LP001041,Male,Yes,0,Graduate,,2600,3500,115,,1,Urban,Y,0.018852459,0,6100,,7114.59802
LP001043,Male,Yes,0,Not Graduate,No,7660,0,104,360,0,Urban,N,0.013577023,0,7660,Not Graduate_No,7114.59802
LP001046,Male,Yes,1,Graduate,No,5955,5625,315,360,1,Urban,Y,0.027202073,1,11580,Graduate_No,7114.59802
LP001047,Male,Yes,0,Not Graduate,No,2600,1911,116,360,0,Semiurban,N,0.025714919,0,4511,Not Graduate_No,6812.39485
LP001050,,Yes,2,Not Graduate,No,3365,1917,112,360,0,Rural,N,0.021204089,0,5282,Not Graduate_No,7199.620782
LP001052,Male,Yes,1,Graduate,,3717,2925,151,360,,Semiurban,N,0.022734116,0,6642,,6812.39485
LP001066,Male,Yes,0,Graduate,Yes,9560,0,191,360,1,Semiurban,Y,0.019979079,1,9560,Graduate_Yes,6812.39485
LP001068,Male,Yes,0,Graduate,No,2799,2253,122,360,1,Semiurban,Y,0.024148852,0,5052,Graduate_No,6812.39485
LP001073,Male,Yes,2,Not Graduate,No,4226,1040,110,360,1,Urban,Y,0.02088872,0,5266,Not Graduate_No,7114.59802
LP001086,Male,No,0,Not Graduate,No,1442,0,35,360,1,Urban,N,0.024271845,0,1442,Not Graduate_No,7114.59802
LP001087,Female,No,2,Graduate,,3750,2083,120,360,1,Semiurban,Y,0.020572604,0,5833,,6812.39485
LP001091,Male,Yes,1,Graduate,,4166,3369,201,360,,Urban,N,0.026675514,1,7535,,7114.59802
LP001095,Male,No,0,Graduate,No,3167,0,74,360,1,Urban,N,0.023365961,0,3167,Graduate_No,7114.59802
LP001097,Male,No,1,Graduate,Yes,4692,0,106,360,1,Rural,N,0.022591645,0,4692,Graduate_Yes,7199.620782
LP001098,Male,Yes,0,Graduate,No,3500,1667,114,360,1,Semiurban,Y,0.022063093,0,5167,Graduate_No,6812.39485
LP001100,Male,No,3+,Graduate,No,12500,3000,320,360,1,Rural,N,0.020645161,1,15500,Graduate_No,7199.620782
LP001106,Male,Yes,0,Graduate,No,2275,2067,,360,1,Urban,Y,,0,4342,Graduate_No,7114.59802
LP001109,Male,Yes,0,Graduate,No,1828,1330,100,,0,Urban,N,0.031665611,0,3158,Graduate_No,7114.59802
LP001112,Female,Yes,0,Graduate,No,3667,1459,144,360,1,Semiurban,Y,0.02809208,0,5126,Graduate_No,6812.39485
LP001114,Male,No,0,Graduate,No,4166,7210,184,360,1,Urban,Y,0.016174402,1,11376,Graduate_No,7114.59802
LP001116,Male,No,0,Not Graduate,No,3748,1668,110,360,1,Semiurban,Y,0.020310192,0,5416,Not Graduate_No,6812.39485
LP001119,Male,No,0,Graduate,No,3600,0,80,360,1,Urban,N,0.022222222,0,3600,Graduate_No,7114.59802
LP001120,Male,No,0,Graduate,No,1800,1213,47,360,1,Urban,Y,0.015599071,0,3013,Graduate_No,7114.59802
LP001123,Male,Yes,0,Graduate,No,2400,0,75,360,,Urban,Y,0.03125,0,2400,Graduate_No,7114.59802
LP001131,Male,Yes,0,Graduate,No,3941,2336,134,360,1,Semiurban,Y,0.021347778,0,6277,Graduate_No,6812.39485
LP001136,Male,Yes,0,Not Graduate,Yes,4695,0,96,,1,Urban,Y,0.020447284,0,4695,Not Graduate_Yes,7114.59802
LP001137,Female,No,0,Graduate,No,3410,0,88,,1,Urban,Y,0.025806452,0,3410,Graduate_No,7114.59802
LP001138,Male,Yes,1,Graduate,No,5649,0,44,360,1,Urban,Y,0.007788989,0,5649,Graduate_No,7114.59802
LP001144,Male,Yes,0,Graduate,No,5821,0,144,360,1,Urban,Y,0.024738018,0,5821,Graduate_No,7114.59802
LP001146,Female,Yes,0,Graduate,No,2645,3440,120,360,0,Urban,N,0.019720624,0,6085,Graduate_No,7114.59802
LP001151,Female,No,0,Graduate,No,4000,2275,144,360,1,Semiurban,Y,0.022948207,0,6275,Graduate_No,6812.39485
LP001155,Female,Yes,0,Not Graduate,No,1928,1644,100,360,1,Semiurban,Y,0.027995521,0,3572,Not Graduate_No,6812.39485
LP001157,Female,No,0,Graduate,No,3086,0,120,360,1,Semiurban,Y,0.038885288,0,3086,Graduate_No,6812.39485
LP001164,Female,No,0,Graduate,No,4230,0,112,360,1,Semiurban,N,0.026477541,0,4230,Graduate_No,6812.39485
LP001179,Male,Yes,2,Graduate,No,4616,0,134,360,1,Urban,N,0.029029463,0,4616,Graduate_No,7114.59802
LP001186,Female,Yes,1,Graduate,Yes,11500,0,286,360,0,Urban,N,0.024869565,1,11500,Graduate_Yes,7114.59802
LP001194,Male,Yes,2,Graduate,No,2708,1167,97,360,1,Semiurban,Y,0.025032258,0,3875,Graduate_No,6812.39485
LP001195,Male,Yes,0,Graduate,No,2132,1591,96,360,1,Semiurban,Y,0.025785657,0,3723,Graduate_No,6812.39485
LP001197,Male,Yes,0,Graduate,No,3366,2200,135,360,1,Rural,N,0.024254402,0,5566,Graduate_No,7199.620782
LP001198,Male,Yes,1,Graduate,No,8080,2250,180,360,1,Urban,Y,0.017424976,1,10330,Graduate_No,7114.59802
LP001199,Male,Yes,2,Not Graduate,No,3357,2859,144,360,1,Urban,Y,0.023166023,0,6216,Not Graduate_No,7114.59802
LP001205,Male,Yes,0,Graduate,No,2500,3796,120,360,1,Urban,Y,0.01905972,0,6296,Graduate_No,7114.59802
LP001206,Male,Yes,3+,Graduate,No,3029,0,99,360,1,Urban,Y,0.032684054,0,3029,Graduate_No,7114.59802
LP001207,Male,Yes,0,Not Graduate,Yes,2609,3449,165,180,0,Rural,N,0.027236712,0,6058,Not Graduate_Yes,7199.620782
LP001213,Male,Yes,1,Graduate,No,4945,0,,360,0,Rural,N,,0,4945,Graduate_No,7199.620782
LP001222,Female,No,0,Graduate,No,4166,0,116,360,0,Semiurban,N,0.027844455,0,4166,Graduate_No,6812.39485
LP001225,Male,Yes,0,Graduate,No,5726,4595,258,360,1,Semiurban,N,0.024997578,1,10321,Graduate_No,6812.39485
LP001228,Male,No,0,Not Graduate,No,3200,2254,126,180,0,Urban,N,0.02310231,0,5454,Not Graduate_No,7114.59802
LP001233,Male,Yes,1,Graduate,No,10750,0,312,360,1,Urban,Y,0.029023256,1,10750,Graduate_No,7114.59802
LP001238,Male,Yes,3+,Not Graduate,Yes,7100,0,125,60,1,Urban,Y,0.017605634,0,7100,Not Graduate_Yes,7114.59802
LP001241,Female,No,0,Graduate,No,4300,0,136,360,0,Semiurban,N,0.031627907,0,4300,Graduate_No,6812.39485
LP001243,Male,Yes,0,Graduate,No,3208,3066,172,360,1,Urban,Y,0.027414727,1,6274,Graduate_No,7114.59802
LP001245,Male,Yes,2,Not Graduate,Yes,1875,1875,97,360,1,Semiurban,Y,0.025866667,0,3750,Not Graduate_Yes,6812.39485
LP001248,Male,No,0,Graduate,No,3500,0,81,300,1,Semiurban,Y,0.023142857,0,3500,Graduate_No,6812.39485
LP001250,Male,Yes,3+,Not Graduate,No,4755,0,95,,0,Semiurban,N,0.01997897,0,4755,Not Graduate_No,6812.39485
LP001253,Male,Yes,3+,Graduate,Yes,5266,1774,187,360,1,Semiurban,Y,0.0265625,1,7040,Graduate_Yes,6812.39485
LP001255,Male,No,0,Graduate,No,3750,0,113,480,1,Urban,N,0.030133333,0,3750,Graduate_No,7114.59802
LP001256,Male,No,0,Graduate,No,3750,4750,176,360,1,Urban,N,0.020705882,1,8500,Graduate_No,7114.59802
LP001259,Male,Yes,1,Graduate,Yes,1000,3022,110,360,1,Urban,N,0.027349577,0,4022,Graduate_Yes,7114.59802
LP001263,Male,Yes,3+,Graduate,No,3167,4000,180,300,0,Semiurban,N,0.025115111,1,7167,Graduate_No,6812.39485
LP001264,Male,Yes,3+,Not Graduate,Yes,3333,2166,130,360,,Semiurban,Y,0.023640662,0,5499,Not Graduate_Yes,6812.39485
LP001265,Female,No,0,Graduate,No,3846,0,111,360,1,Semiurban,Y,0.028861154,0,3846,Graduate_No,6812.39485
LP001266,Male,Yes,1,Graduate,Yes,2395,0,,360,1,Semiurban,Y,,0,2395,Graduate_Yes,6812.39485
LP001267,Female,Yes,2,Graduate,No,1378,1881,167,360,1,Urban,N,0.051242712,0,3259,Graduate_No,7114.59802
LP001273,Male,Yes,0,Graduate,No,6000,2250,265,360,,Semiurban,N,0.032121212,1,8250,Graduate_No,6812.39485
LP001275,Male,Yes,1,Graduate,No,3988,0,50,240,1,Urban,Y,0.012537613,0,3988,Graduate_No,7114.59802
LP001279,Male,No,0,Graduate,No,2366,2531,136,360,1,Semiurban,Y,0.027772105,0,4897,Graduate_No,6812.39485
LP001280,Male,Yes,2,Not Graduate,No,3333,2000,99,360,,Semiurban,Y,0.01856366,0,5333,Not Graduate_No,6812.39485
LP001282,Male,Yes,0,Graduate,No,2500,2118,104,360,1,Semiurban,Y,0.022520572,0,4618,Graduate_No,6812.39485
LP001289,Male,No,0,Graduate,No,8566,0,210,360,1,Urban,Y,0.024515527,1,8566,Graduate_No,7114.59802
LP001310,Male,Yes,0,Graduate,No,5695,4167,175,360,1,Semiurban,Y,0.017744879,1,9862,Graduate_No,6812.39485
LP001316,Male,Yes,0,Graduate,No,2958,2900,131,360,1,Semiurban,Y,0.022362581,0,5858,Graduate_No,6812.39485
LP001318,Male,Yes,2,Graduate,No,6250,5654,188,180,1,Semiurban,Y,0.015793011,1,11904,Graduate_No,6812.39485
LP001319,Male,Yes,2,Not Graduate,No,3273,1820,81,360,1,Urban,Y,0.015904182,0,5093,Not Graduate_No,7114.59802
LP001322,Male,No,0,Graduate,No,4133,0,122,360,1,Semiurban,Y,0.02951851,0,4133,Graduate_No,6812.39485
LP001325,Male,No,0,Not Graduate,No,3620,0,25,120,1,Semiurban,Y,0.006906077,0,3620,Not Graduate_No,6812.39485
LP001326,Male,No,0,Graduate,,6782,0,,360,,Urban,N,,0,6782,,7114.59802
LP001327,Female,Yes,0,Graduate,No,2484,2302,137,360,1,Semiurban,Y,0.028625157,0,4786,Graduate_No,6812.39485
LP001333,Male,Yes,0,Graduate,No,1977,997,50,360,1,Semiurban,Y,0.016812374,0,2974,Graduate_No,6812.39485
LP001334,Male,Yes,0,Not Graduate,No,4188,0,115,180,1,Semiurban,Y,0.027459408,0,4188,Not Graduate_No,6812.39485
LP001343,Male,Yes,0,Graduate,No,1759,3541,131,360,1,Semiurban,Y,0.024716981,0,5300,Graduate_No,6812.39485
LP001345,Male,Yes,2,Not Graduate,No,4288,3263,133,180,1,Urban,Y,0.017613561,0,7551,Not Graduate_No,7114.59802
LP001349,Male,No,0,Graduate,No,4843,3806,151,360,1,Semiurban,Y,0.017458666,0,8649,Graduate_No,6812.39485
LP001350,Male,Yes,,Graduate,No,13650,0,,360,1,Urban,Y,,0,13650,Graduate_No,7114.59802
LP001356,Male,Yes,0,Graduate,No,4652,3583,,360,1,Semiurban,Y,,0,8235,Graduate_No,6812.39485
LP001357,Male,,,Graduate,No,3816,754,160,360,1,Urban,Y,0.035010941,0,4570,Graduate_No,7114.59802
LP001367,Male,Yes,1,Graduate,No,3052,1030,100,360,1,Urban,Y,0.024497795,0,4082,Graduate_No,7114.59802
LP001369,Male,Yes,2,Graduate,No,11417,1126,225,360,1,Urban,Y,0.017938292,1,12543,Graduate_No,7114.59802
LP001370,Male,No,0,Not Graduate,,7333,0,120,360,1,Rural,N,0.01636438,0,7333,,7199.620782
LP001379,Male,Yes,2,Graduate,No,3800,3600,216,360,0,Urban,N,0.029189189,1,7400,Graduate_No,7114.59802
LP001384,Male,Yes,3+,Not Graduate,No,2071,754,94,480,1,Semiurban,Y,0.033274336,0,2825,Not Graduate_No,6812.39485
LP001385,Male,No,0,Graduate,No,5316,0,136,360,1,Urban,Y,0.025583145,0,5316,Graduate_No,7114.59802
LP001387,Female,Yes,0,Graduate,,2929,2333,139,360,1,Semiurban,Y,0.026415811,0,5262,,6812.39485
LP001391,Male,Yes,0,Not Graduate,No,3572,4114,152,,0,Rural,N,0.019776216,0,7686,Not Graduate_No,7199.620782
LP001392,Female,No,1,Graduate,Yes,7451,0,,360,1,Semiurban,Y,,0,7451,Graduate_Yes,6812.39485
LP001398,Male,No,0,Graduate,,5050,0,118,360,1,Semiurban,Y,0.023366337,0,5050,,6812.39485
LP001401,Male,Yes,1,Graduate,No,14583,0,185,180,1,Rural,Y,0.012686004,1,14583,Graduate_No,7199.620782
LP001404,Female,Yes,0,Graduate,No,3167,2283,154,360,1,Semiurban,Y,0.028256881,0,5450,Graduate_No,6812.39485
LP001405,Male,Yes,1,Graduate,No,2214,1398,85,360,,Urban,Y,0.023532669,0,3612,Graduate_No,7114.59802
LP001421,Male,Yes,0,Graduate,No,5568,2142,175,360,1,Rural,N,0.022697795,1,7710,Graduate_No,7199.620782
LP001422,Female,No,0,Graduate,No,10408,0,259,360,1,Urban,Y,0.024884704,1,10408,Graduate_No,7114.59802
LP001426,Male,Yes,,Graduate,No,5667,2667,180,360,1,Rural,Y,0.021598272,1,8334,Graduate_No,7199.620782
LP001430,Female,No,0,Graduate,No,4166,0,44,360,1,Semiurban,Y,0.01056169,0,4166,Graduate_No,6812.39485
LP001431,Female,No,0,Graduate,No,2137,8980,137,360,0,Semiurban,Y,0.012323469,0,11117,Graduate_No,6812.39485
LP001432,Male,Yes,2,Graduate,No,2957,0,81,360,1,Semiurban,Y,0.027392628,0,2957,Graduate_No,6812.39485
LP001439,Male,Yes,0,Not Graduate,No,4300,2014,194,360,1,Rural,Y,0.030725372,1,6314,Not Graduate_No,7199.620782
LP001443,Female,No,0,Graduate,No,3692,0,93,360,,Rural,Y,0.025189599,0,3692,Graduate_No,7199.620782
LP001448,,Yes,3+,Graduate,No,23803,0,370,360,1,Rural,Y,0.015544259,1,23803,Graduate_No,7199.620782
LP001449,Male,No,0,Graduate,No,3865,1640,,360,1,Rural,Y,,0,5505,Graduate_No,7199.620782
LP001451,Male,Yes,1,Graduate,Yes,10513,3850,160,180,0,Urban,N,0.011139734,0,14363,Graduate_Yes,7114.59802
LP001465,Male,Yes,0,Graduate,No,6080,2569,182,360,,Rural,N,0.021042895,1,8649,Graduate_No,7199.620782
LP001469,Male,No,0,Graduate,Yes,20166,0,650,480,,Urban,Y,0.03223247,1,20166,Graduate_Yes,7114.59802
LP001473,Male,No,0,Graduate,No,2014,1929,74,360,1,Urban,Y,0.018767436,0,3943,Graduate_No,7114.59802
LP001478,Male,No,0,Graduate,No,2718,0,70,360,1,Semiurban,Y,0.025754231,0,2718,Graduate_No,6812.39485
LP001482,Male,Yes,0,Graduate,Yes,3459,0,25,120,1,Semiurban,Y,0.007227522,0,3459,Graduate_Yes,6812.39485
LP001487,Male,No,0,Graduate,No,4895,0,102,360,1,Semiurban,Y,0.020837589,0,4895,Graduate_No,6812.39485
LP001488,Male,Yes,3+,Graduate,No,4000,7750,290,360,1,Semiurban,N,0.024680851,1,11750,Graduate_No,6812.39485
LP001489,Female,Yes,0,Graduate,No,4583,0,84,360,1,Rural,N,0.018328606,0,4583,Graduate_No,7199.620782
LP001491,Male,Yes,2,Graduate,Yes,3316,3500,88,360,1,Urban,Y,0.012910798,0,6816,Graduate_Yes,7114.59802
LP001492,Male,No,0,Graduate,No,14999,0,242,360,0,Semiurban,N,0.016134409,1,14999,Graduate_No,6812.39485
LP001493,Male,Yes,2,Not Graduate,No,4200,1430,129,360,1,Rural,N,0.022912966,0,5630,Not Graduate_No,7199.620782
LP001497,Male,Yes,2,Graduate,No,5042,2083,185,360,1,Rural,N,0.025964912,1,7125,Graduate_No,7199.620782
LP001498,Male,No,0,Graduate,No,5417,0,168,360,1,Urban,Y,0.031013476,0,5417,Graduate_No,7114.59802
LP001504,Male,No,0,Graduate,Yes,6950,0,175,180,1,Semiurban,Y,0.025179856,1,6950,Graduate_Yes,6812.39485
LP001507,Male,Yes,0,Graduate,No,2698,2034,122,360,1,Semiurban,Y,0.02578191,0,4732,Graduate_No,6812.39485
LP001508,Male,Yes,2,Graduate,No,11757,0,187,180,1,Urban,Y,0.015905418,1,11757,Graduate_No,7114.59802
LP001514,Female,Yes,0,Graduate,No,2330,4486,100,360,1,Semiurban,Y,0.014671362,0,6816,Graduate_No,6812.39485
LP001516,Female,Yes,2,Graduate,No,14866,0,70,360,1,Urban,Y,0.004708731,0,14866,Graduate_No,7114.59802
LP001518,Male,Yes,1,Graduate,No,1538,1425,30,360,1,Urban,Y,0.010124873,0,2963,Graduate_No,7114.59802
LP001519,Female,No,0,Graduate,No,10000,1666,225,360,1,Rural,N,0.019286816,1,11666,Graduate_No,7199.620782
LP001520,Male,Yes,0,Graduate,No,4860,830,125,360,1,Semiurban,Y,0.021968366,0,5690,Graduate_No,6812.39485
LP001528,Male,No,0,Graduate,No,6277,0,118,360,0,Rural,N,0.018798789,0,6277,Graduate_No,7199.620782
LP001529,Male,Yes,0,Graduate,Yes,2577,3750,152,360,1,Rural,Y,0.024024024,0,6327,Graduate_Yes,7199.620782
LP001531,Male,No,0,Graduate,No,9166,0,244,360,1,Urban,N,0.026620118,1,9166,Graduate_No,7114.59802
LP001532,Male,Yes,2,Not Graduate,No,2281,0,113,360,1,Rural,N,0.049539676,0,2281,Not Graduate_No,7199.620782
LP001535,Male,No,0,Graduate,No,3254,0,50,360,1,Urban,Y,0.015365704,0,3254,Graduate_No,7114.59802
LP001536,Male,Yes,3+,Graduate,No,39999,0,600,180,0,Semiurban,Y,0.015000375,1,39999,Graduate_No,6812.39485
LP001541,Male,Yes,1,Graduate,No,6000,0,160,360,,Rural,Y,0.026666667,0,6000,Graduate_No,7199.620782
LP001543,Male,Yes,1,Graduate,No,9538,0,187,360,1,Urban,Y,0.019605787,1,9538,Graduate_No,7114.59802
LP001546,Male,No,0,Graduate,,2980,2083,120,360,1,Rural,Y,0.023701363,0,5063,,7199.620782
LP001552,Male,Yes,0,Graduate,No,4583,5625,255,360,1,Semiurban,Y,0.024980408,1,10208,Graduate_No,6812.39485
LP001560,Male,Yes,0,Not Graduate,No,1863,1041,98,360,1,Semiurban,Y,0.033746556,0,2904,Not Graduate_No,6812.39485
LP001562,Male,Yes,0,Graduate,No,7933,0,275,360,1,Urban,N,0.034665322,1,7933,Graduate_No,7114.59802
LP001565,Male,Yes,1,Graduate,No,3089,1280,121,360,0,Semiurban,N,0.027695125,0,4369,Graduate_No,6812.39485
LP001570,Male,Yes,2,Graduate,No,4167,1447,158,360,1,Rural,Y,0.028143926,0,5614,Graduate_No,7199.620782
LP001572,Male,Yes,0,Graduate,No,9323,0,75,180,1,Urban,Y,0.008044621,0,9323,Graduate_No,7114.59802
LP001574,Male,Yes,0,Graduate,No,3707,3166,182,,1,Rural,Y,0.026480431,1,6873,Graduate_No,7199.620782
LP001577,Female,Yes,0,Graduate,No,4583,0,112,360,1,Rural,N,0.024438141,0,4583,Graduate_No,7199.620782
LP001578,Male,Yes,0,Graduate,No,2439,3333,129,360,1,Rural,Y,0.022349272,0,5772,Graduate_No,7199.620782
LP001579,Male,No,0,Graduate,No,2237,0,63,480,0,Semiurban,N,0.028162718,0,2237,Graduate_No,6812.39485
LP001580,Male,Yes,2,Graduate,No,8000,0,200,360,1,Semiurban,Y,0.025,1,8000,Graduate_No,6812.39485
LP001581,Male,Yes,0,Not Graduate,,1820,1769,95,360,1,Rural,Y,0.026469769,0,3589,,7199.620782
LP001585,,Yes,3+,Graduate,No,51763,0,700,300,1,Urban,Y,0.013523173,1,51763,Graduate_No,7114.59802
LP001586,Male,Yes,3+,Not Graduate,No,3522,0,81,180,1,Rural,N,0.022998296,0,3522,Not Graduate_No,7199.620782
LP001594,Male,Yes,0,Graduate,No,5708,5625,187,360,1,Semiurban,Y,0.016500485,1,11333,Graduate_No,6812.39485
LP001603,Male,Yes,0,Not Graduate,Yes,4344,736,87,360,1,Semiurban,N,0.017125984,0,5080,Not Graduate_Yes,6812.39485
LP001606,Male,Yes,0,Graduate,No,3497,1964,116,360,1,Rural,Y,0.021241531,0,5461,Graduate_No,7199.620782
LP001608,Male,Yes,2,Graduate,No,2045,1619,101,360,1,Rural,Y,0.027565502,0,3664,Graduate_No,7199.620782
LP001610,Male,Yes,3+,Graduate,No,5516,11300,495,360,0,Semiurban,N,0.029436251,1,16816,Graduate_No,6812.39485
LP001616,Male,Yes,1,Graduate,No,3750,0,116,360,1,Semiurban,Y,0.030933333,0,3750,Graduate_No,6812.39485
LP001630,Male,No,0,Not Graduate,No,2333,1451,102,480,0,Urban,N,0.026955603,0,3784,Not Graduate_No,7114.59802
LP001633,Male,Yes,1,Graduate,No,6400,7250,180,360,0,Urban,N,0.013186813,1,13650,Graduate_No,7114.59802
LP001634,Male,No,0,Graduate,No,1916,5063,67,360,,Rural,N,0.009600229,0,6979,Graduate_No,7199.620782
LP001636,Male,Yes,0,Graduate,No,4600,0,73,180,1,Semiurban,Y,0.015869565,0,4600,Graduate_No,6812.39485
LP001637,Male,Yes,1,Graduate,No,33846,0,260,360,1,Semiurban,N,0.007681853,1,33846,Graduate_No,6812.39485
LP001639,Female,Yes,0,Graduate,No,3625,0,108,360,1,Semiurban,Y,0.029793103,0,3625,Graduate_No,6812.39485
LP001640,Male,Yes,0,Graduate,Yes,39147,4750,120,360,1,Semiurban,Y,0.002733672,0,43897,Graduate_Yes,6812.39485
LP001641,Male,Yes,1,Graduate,Yes,2178,0,66,300,0,Rural,N,0.03030303,0,2178,Graduate_Yes,7199.620782
LP001643,Male,Yes,0,Graduate,No,2383,2138,58,360,,Rural,Y,0.01282902,0,4521,Graduate_No,7199.620782
LP001644,,Yes,0,Graduate,Yes,674,5296,168,360,1,Rural,Y,0.028140704,0,5970,Graduate_Yes,7199.620782
LP001647,Male,Yes,0,Graduate,No,9328,0,188,180,1,Rural,Y,0.020154374,1,9328,Graduate_No,7199.620782
LP001653,Male,No,0,Not Graduate,No,4885,0,48,360,1,Rural,Y,0.009825998,0,4885,Not Graduate_No,7199.620782
LP001656,Male,No,0,Graduate,No,12000,0,164,360,1,Semiurban,N,0.013666667,0,12000,Graduate_No,6812.39485
LP001657,Male,Yes,0,Not Graduate,No,6033,0,160,360,1,Urban,N,0.026520802,0,6033,Not Graduate_No,7114.59802
LP001658,Male,No,0,Graduate,No,3858,0,76,360,1,Semiurban,Y,0.019699326,0,3858,Graduate_No,6812.39485
LP001664,Male,No,0,Graduate,No,4191,0,120,360,1,Rural,Y,0.028632785,0,4191,Graduate_No,7199.620782
LP001665,Male,Yes,1,Graduate,No,3125,2583,170,360,1,Semiurban,N,0.029782761,1,5708,Graduate_No,6812.39485
LP001666,Male,No,0,Graduate,No,8333,3750,187,360,1,Rural,Y,0.015476289,1,12083,Graduate_No,7199.620782
LP001669,Female,No,0,Not Graduate,No,1907,2365,120,,1,Urban,Y,0.028089888,0,4272,Not Graduate_No,7114.59802
LP001671,Female,Yes,0,Graduate,No,3416,2816,113,360,,Semiurban,Y,0.018132221,0,6232,Graduate_No,6812.39485
LP001673,Male,No,0,Graduate,Yes,11000,0,83,360,1,Urban,N,0.007545455,0,11000,Graduate_Yes,7114.59802
LP001674,Male,Yes,1,Not Graduate,No,2600,2500,90,360,1,Semiurban,Y,0.017647059,0,5100,Not Graduate_No,6812.39485
LP001677,Male,No,2,Graduate,No,4923,0,166,360,0,Semiurban,Y,0.033719277,0,4923,Graduate_No,6812.39485
LP001682,Male,Yes,3+,Not Graduate,No,3992,0,,180,1,Urban,N,,0,3992,Not Graduate_No,7114.59802
LP001688,Male,Yes,1,Not Graduate,No,3500,1083,135,360,1,Urban,Y,0.029456688,0,4583,Not Graduate_No,7114.59802
LP001691,Male,Yes,2,Not Graduate,No,3917,0,124,360,1,Semiurban,Y,0.03165688,0,3917,Not Graduate_No,6812.39485
LP001692,Female,No,0,Not Graduate,No,4408,0,120,360,1,Semiurban,Y,0.02722323,0,4408,Not Graduate_No,6812.39485
LP001693,Female,No,0,Graduate,No,3244,0,80,360,1,Urban,Y,0.024660912,0,3244,Graduate_No,7114.59802
LP001698,Male,No,0,Not Graduate,No,3975,2531,55,360,1,Rural,Y,0.008453735,0,6506,Not Graduate_No,7199.620782
LP001699,Male,No,0,Graduate,No,2479,0,59,360,1,Urban,Y,0.023799919,0,2479,Graduate_No,7114.59802
LP001702,Male,No,0,Graduate,No,3418,0,127,360,1,Semiurban,N,0.037156232,0,3418,Graduate_No,6812.39485
LP001708,Female,No,0,Graduate,No,10000,0,214,360,1,Semiurban,N,0.0214,1,10000,Graduate_No,6812.39485
LP001711,Male,Yes,3+,Graduate,No,3430,1250,128,360,0,Semiurban,N,0.027350427,0,4680,Graduate_No,6812.39485
LP001713,Male,Yes,1,Graduate,Yes,7787,0,240,360,1,Urban,Y,0.030820598,1,7787,Graduate_Yes,7114.59802
LP001715,Male,Yes,3+,Not Graduate,Yes,5703,0,130,360,1,Rural,Y,0.02279502,0,5703,Not Graduate_Yes,7199.620782
LP001716,Male,Yes,0,Graduate,No,3173,3021,137,360,1,Urban,Y,0.022118179,0,6194,Graduate_No,7114.59802
LP001720,Male,Yes,3+,Not Graduate,No,3850,983,100,360,1,Semiurban,Y,0.020691082,0,4833,Not Graduate_No,6812.39485
LP001722,Male,Yes,0,Graduate,No,150,1800,135,360,1,Rural,N,0.069230769,0,1950,Graduate_No,7199.620782
LP001726,Male,Yes,0,Graduate,No,3727,1775,131,360,1,Semiurban,Y,0.023809524,0,5502,Graduate_No,6812.39485
LP001732,Male,Yes,2,Graduate,,5000,0,72,360,0,Semiurban,N,0.0144,0,5000,,6812.39485
LP001734,Female,Yes,2,Graduate,No,4283,2383,127,360,,Semiurban,Y,0.019051905,0,6666,Graduate_No,6812.39485
LP001736,Male,Yes,0,Graduate,No,2221,0,60,360,0,Urban,N,0.027014858,0,2221,Graduate_No,7114.59802
LP001743,Male,Yes,2,Graduate,No,4009,1717,116,360,1,Semiurban,Y,0.02025847,0,5726,Graduate_No,6812.39485
LP001744,Male,No,0,Graduate,No,2971,2791,144,360,1,Semiurban,Y,0.024991322,0,5762,Graduate_No,6812.39485
LP001749,Male,Yes,0,Graduate,No,7578,1010,175,,1,Semiurban,Y,0.020377271,1,8588,Graduate_No,6812.39485
LP001750,Male,Yes,0,Graduate,No,6250,0,128,360,1,Semiurban,Y,0.02048,0,6250,Graduate_No,6812.39485
LP001751,Male,Yes,0,Graduate,No,3250,0,170,360,1,Rural,N,0.052307692,1,3250,Graduate_No,7199.620782
LP001754,Male,Yes,,Not Graduate,Yes,4735,0,138,360,1,Urban,N,0.029144667,0,4735,Not Graduate_Yes,7114.59802
LP001758,Male,Yes,2,Graduate,No,6250,1695,210,360,1,Semiurban,Y,0.026431718,1,7945,Graduate_No,6812.39485
LP001760,Male,,,Graduate,No,4758,0,158,480,1,Semiurban,Y,0.03320723,0,4758,Graduate_No,6812.39485
LP001761,Male,No,0,Graduate,Yes,6400,0,200,360,1,Rural,Y,0.03125,1,6400,Graduate_Yes,7199.620782
LP001765,Male,Yes,1,Graduate,No,2491,2054,104,360,1,Semiurban,Y,0.022882288,0,4545,Graduate_No,6812.39485
LP001768,Male,Yes,0,Graduate,,3716,0,42,180,1,Rural,Y,0.011302476,0,3716,,7199.620782
LP001770,Male,No,0,Not Graduate,No,3189,2598,120,,1,Rural,Y,0.020736133,0,5787,Not Graduate_No,7199.620782
LP001776,Female,No,0,Graduate,No,8333,0,280,360,1,Semiurban,Y,0.033601344,1,8333,Graduate_No,6812.39485
LP001778,Male,Yes,1,Graduate,No,3155,1779,140,360,1,Semiurban,Y,0.028374544,0,4934,Graduate_No,6812.39485
LP001784,Male,Yes,1,Graduate,No,5500,1260,170,360,1,Rural,Y,0.025147929,1,6760,Graduate_No,7199.620782
LP001786,Male,Yes,0,Graduate,,5746,0,255,360,,Urban,N,0.044378698,1,5746,,7114.59802
LP001788,Female,No,0,Graduate,Yes,3463,0,122,360,,Urban,Y,0.03522957,0,3463,Graduate_Yes,7114.59802
LP001790,Female,No,1,Graduate,No,3812,0,112,360,1,Rural,Y,0.029380902,0,3812,Graduate_No,7199.620782
LP001792,Male,Yes,1,Graduate,No,3315,0,96,360,1,Semiurban,Y,0.028959276,0,3315,Graduate_No,6812.39485
LP001798,Male,Yes,2,Graduate,No,5819,5000,120,360,1,Rural,Y,0.011091598,0,10819,Graduate_No,7199.620782
LP001800,Male,Yes,1,Not Graduate,No,2510,1983,140,180,1,Urban,N,0.031159582,0,4493,Not Graduate_No,7114.59802
LP001806,Male,No,0,Graduate,No,2965,5701,155,60,1,Urban,Y,0.017885991,0,8666,Graduate_No,7114.59802
LP001807,Male,Yes,2,Graduate,Yes,6250,1300,108,360,1,Rural,Y,0.014304636,0,7550,Graduate_Yes,7199.620782
LP001811,Male,Yes,0,Not Graduate,No,3406,4417,123,360,1,Semiurban,Y,0.015722868,0,7823,Not Graduate_No,6812.39485
LP001813,Male,No,0,Graduate,Yes,6050,4333,120,180,1,Urban,N,0.011557353,0,10383,Graduate_Yes,7114.59802
LP001814,Male,Yes,2,Graduate,No,9703,0,112,360,1,Urban,Y,0.011542822,0,9703,Graduate_No,7114.59802
LP001819,Male,Yes,1,Not Graduate,No,6608,0,137,180,1,Urban,Y,0.020732446,0,6608,Not Graduate_No,7114.59802
LP001824,Male,Yes,1,Graduate,No,2882,1843,123,480,1,Semiurban,Y,0.026031746,0,4725,Graduate_No,6812.39485
LP001825,Male,Yes,0,Graduate,No,1809,1868,90,360,1,Urban,Y,0.024476475,0,3677,Graduate_No,7114.59802
LP001835,Male,Yes,0,Not Graduate,No,1668,3890,201,360,0,Semiurban,N,0.036164088,1,5558,Not Graduate_No,6812.39485
LP001836,Female,No,2,Graduate,No,3427,0,138,360,1,Urban,N,0.040268456,0,3427,Graduate_No,7114.59802
LP001841,Male,No,0,Not Graduate,Yes,2583,2167,104,360,1,Rural,Y,0.021894737,0,4750,Not Graduate_Yes,7199.620782
LP001843,Male,Yes,1,Not Graduate,No,2661,7101,279,180,1,Semiurban,Y,0.028580209,1,9762,Not Graduate_No,6812.39485
LP001844,Male,No,0,Graduate,Yes,16250,0,192,360,0,Urban,N,0.011815385,1,16250,Graduate_Yes,7114.59802
LP001846,Female,No,3+,Graduate,No,3083,0,255,360,1,Rural,Y,0.082711645,1,3083,Graduate_No,7199.620782
LP001849,Male,No,0,Not Graduate,No,6045,0,115,360,0,Rural,N,0.019023987,0,6045,Not Graduate_No,7199.620782
LP001854,Male,Yes,3+,Graduate,No,5250,0,94,360,1,Urban,N,0.017904762,0,5250,Graduate_No,7114.59802
LP001859,Male,Yes,0,Graduate,No,14683,2100,304,360,1,Rural,N,0.018113567,1,16783,Graduate_No,7199.620782
LP001864,Male,Yes,3+,Not Graduate,No,4931,0,128,360,,Semiurban,N,0.025958223,0,4931,Not Graduate_No,6812.39485
LP001865,Male,Yes,1,Graduate,No,6083,4250,330,360,,Urban,Y,0.031936514,1,10333,Graduate_No,7114.59802
LP001868,Male,No,0,Graduate,No,2060,2209,134,360,1,Semiurban,Y,0.031389084,0,4269,Graduate_No,6812.39485
LP001870,Female,No,1,Graduate,No,3481,0,155,36,1,Semiurban,N,0.044527435,0,3481,Graduate_No,6812.39485
LP001871,Female,No,0,Graduate,No,7200,0,120,360,1,Rural,Y,0.016666667,0,7200,Graduate_No,7199.620782
LP001872,Male,No,0,Graduate,Yes,5166,0,128,360,1,Semiurban,Y,0.024777391,0,5166,Graduate_Yes,6812.39485
LP001875,Male,No,0,Graduate,No,4095,3447,151,360,1,Rural,Y,0.020021215,0,7542,Graduate_No,7199.620782
LP001877,Male,Yes,2,Graduate,No,4708,1387,150,360,1,Semiurban,Y,0.024610336,0,6095,Graduate_No,6812.39485
LP001882,Male,Yes,3+,Graduate,No,4333,1811,160,360,0,Urban,Y,0.026041667,0,6144,Graduate_No,7114.59802
LP001883,Female,No,0,Graduate,,3418,0,135,360,1,Rural,N,0.039496782,0,3418,,7199.620782
LP001884,Female,No,1,Graduate,No,2876,1560,90,360,1,Urban,Y,0.020288548,0,4436,Graduate_No,7114.59802
LP001888,Female,No,0,Graduate,No,3237,0,30,360,1,Urban,Y,0.009267841,0,3237,Graduate_No,7114.59802
LP001891,Male,Yes,0,Graduate,No,11146,0,136,360,1,Urban,Y,0.012201687,0,11146,Graduate_No,7114.59802
LP001892,Male,No,0,Graduate,No,2833,1857,126,360,1,Rural,Y,0.026865672,0,4690,Graduate_No,7199.620782
LP001894,Male,Yes,0,Graduate,No,2620,2223,150,360,1,Semiurban,Y,0.030972538,0,4843,Graduate_No,6812.39485
LP001896,Male,Yes,2,Graduate,No,3900,0,90,360,1,Semiurban,Y,0.023076923,0,3900,Graduate_No,6812.39485
LP001900,Male,Yes,1,Graduate,No,2750,1842,115,360,1,Semiurban,Y,0.025043554,0,4592,Graduate_No,6812.39485
LP001903,Male,Yes,0,Graduate,No,3993,3274,207,360,1,Semiurban,Y,0.028484932,1,7267,Graduate_No,6812.39485
LP001904,Male,Yes,0,Graduate,No,3103,1300,80,360,1,Urban,Y,0.01816943,0,4403,Graduate_No,7114.59802
LP001907,Male,Yes,0,Graduate,No,14583,0,436,360,1,Semiurban,Y,0.029897826,1,14583,Graduate_No,6812.39485
LP001908,Female,Yes,0,Not Graduate,No,4100,0,124,360,,Rural,Y,0.030243902,0,4100,Not Graduate_No,7199.620782
LP001910,Male,No,1,Not Graduate,Yes,4053,2426,158,360,0,Urban,N,0.024386479,0,6479,Not Graduate_Yes,7114.59802
LP001914,Male,Yes,0,Graduate,No,3927,800,112,360,1,Semiurban,Y,0.023693675,0,4727,Graduate_No,6812.39485
LP001915,Male,Yes,2,Graduate,No,2301,985.7999878,78,180,1,Urban,Y,0.023731289,0,3286.799988,Graduate_No,7114.59802
LP001917,Female,No,0,Graduate,No,1811,1666,54,360,1,Urban,Y,0.01553063,0,3477,Graduate_No,7114.59802
LP001922,Male,Yes,0,Graduate,No,20667,0,,360,1,Rural,N,,0,20667,Graduate_No,7199.620782
LP001924,Male,No,0,Graduate,No,3158,3053,89,360,1,Rural,Y,0.014329416,0,6211,Graduate_No,7199.620782
LP001925,Female,No,0,Graduate,Yes,2600,1717,99,300,1,Semiurban,N,0.022932592,0,4317,Graduate_Yes,6812.39485
LP001926,Male,Yes,0,Graduate,No,3704,2000,120,360,1,Rural,Y,0.021037868,0,5704,Graduate_No,7199.620782
LP001931,Female,No,0,Graduate,No,4124,0,115,360,1,Semiurban,Y,0.027885548,0,4124,Graduate_No,6812.39485
LP001935,Male,No,0,Graduate,No,9508,0,187,360,1,Rural,Y,0.019667648,1,9508,Graduate_No,7199.620782
LP001936,Male,Yes,0,Graduate,No,3075,2416,139,360,1,Rural,Y,0.02531415,0,5491,Graduate_No,7199.620782
LP001938,Male,Yes,2,Graduate,No,4400,0,127,360,0,Semiurban,N,0.028863636,0,4400,Graduate_No,6812.39485
LP001940,Male,Yes,2,Graduate,No,3153,1560,134,360,1,Urban,Y,0.028431997,0,4713,Graduate_No,7114.59802
LP001945,Female,No,,Graduate,No,5417,0,143,480,0,Urban,N,0.026398375,0,5417,Graduate_No,7114.59802
LP001947,Male,Yes,0,Graduate,No,2383,3334,172,360,1,Semiurban,Y,0.030085709,1,5717,Graduate_No,6812.39485
LP001949,Male,Yes,3+,Graduate,,4416,1250,110,360,1,Urban,Y,0.019414049,0,5666,,7114.59802
LP001953,Male,Yes,1,Graduate,No,6875,0,200,360,1,Semiurban,Y,0.029090909,1,6875,Graduate_No,6812.39485
LP001954,Female,Yes,1,Graduate,No,4666,0,135,360,1,Urban,Y,0.028932705,0,4666,Graduate_No,7114.59802
LP001955,Female,No,0,Graduate,No,5000,2541,151,480,1,Rural,N,0.02002387,0,7541,Graduate_No,7199.620782
LP001963,Male,Yes,1,Graduate,No,2014,2925,113,360,1,Urban,N,0.022879125,0,4939,Graduate_No,7114.59802
LP001964,Male,Yes,0,Not Graduate,No,1800,2934,93,360,0,Urban,N,0.01964512,0,4734,Not Graduate_No,7114.59802
LP001972,Male,Yes,,Not Graduate,No,2875,1750,105,360,1,Semiurban,Y,0.022702703,0,4625,Not Graduate_No,6812.39485
LP001974,Female,No,0,Graduate,No,5000,0,132,360,1,Rural,Y,0.0264,0,5000,Graduate_No,7199.620782
LP001977,Male,Yes,1,Graduate,No,1625,1803,96,360,1,Urban,Y,0.028004667,0,3428,Graduate_No,7114.59802
LP001978,Male,No,0,Graduate,No,4000,2500,140,360,1,Rural,Y,0.021538462,0,6500,Graduate_No,7199.620782
LP001990,Male,No,0,Not Graduate,No,2000,0,,360,1,Urban,N,,0,2000,Not Graduate_No,7114.59802
LP001993,Female,No,0,Graduate,No,3762,1666,135,360,1,Rural,Y,0.024871039,0,5428,Graduate_No,7199.620782
LP001994,Female,No,0,Graduate,No,2400,1863,104,360,0,Urban,N,0.024395965,0,4263,Graduate_No,7114.59802
LP001996,Male,No,0,Graduate,No,20233,0,480,360,1,Rural,N,0.02372362,1,20233,Graduate_No,7199.620782
LP001998,Male,Yes,2,Not Graduate,No,7667,0,185,360,,Rural,Y,0.024129386,1,7667,Not Graduate_No,7199.620782
LP002002,Female,No,0,Graduate,No,2917,0,84,360,1,Semiurban,Y,0.028796709,0,2917,Graduate_No,6812.39485
LP002004,Male,No,0,Not Graduate,No,2927,2405,111,360,1,Semiurban,Y,0.020817704,0,5332,Not Graduate_No,6812.39485
LP002006,Female,No,0,Graduate,No,2507,0,56,360,1,Rural,Y,0.022337455,0,2507,Graduate_No,7199.620782
LP002008,Male,Yes,2,Graduate,Yes,5746,0,144,84,,Rural,Y,0.025060912,0,5746,Graduate_Yes,7199.620782
LP002024,,Yes,0,Graduate,No,2473,1843,159,360,1,Rural,N,0.036839666,0,4316,Graduate_No,7199.620782
LP002031,Male,Yes,1,Not Graduate,No,3399,1640,111,180,1,Urban,Y,0.02202818,0,5039,Not Graduate_No,7114.59802
LP002035,Male,Yes,2,Graduate,No,3717,0,120,360,1,Semiurban,Y,0.0322841,0,3717,Graduate_No,6812.39485
LP002036,Male,Yes,0,Graduate,No,2058,2134,88,360,,Urban,Y,0.020992366,0,4192,Graduate_No,7114.59802
LP002043,Female,No,1,Graduate,No,3541,0,112,360,,Semiurban,Y,0.031629483,0,3541,Graduate_No,6812.39485
LP002050,Male,Yes,1,Graduate,Yes,10000,0,155,360,1,Rural,N,0.0155,0,10000,Graduate_Yes,7199.620782
LP002051,Male,Yes,0,Graduate,No,2400,2167,115,360,1,Semiurban,Y,0.025180644,0,4567,Graduate_No,6812.39485
LP002053,Male,Yes,3+,Graduate,No,4342,189,124,360,1,Semiurban,Y,0.027367027,0,4531,Graduate_No,6812.39485
LP002054,Male,Yes,2,Not Graduate,No,3601,1590,,360,1,Rural,Y,,0,5191,Not Graduate_No,7199.620782
LP002055,Female,No,0,Graduate,No,3166,2985,132,360,,Rural,Y,0.021459925,0,6151,Graduate_No,7199.620782
LP002065,Male,Yes,3+,Graduate,No,15000,0,300,360,1,Rural,Y,0.02,1,15000,Graduate_No,7199.620782
LP002067,Male,Yes,1,Graduate,Yes,8666,4983,376,360,0,Rural,N,0.027547806,1,13649,Graduate_Yes,7199.620782
LP002068,Male,No,0,Graduate,No,4917,0,130,360,0,Rural,Y,0.026438885,0,4917,Graduate_No,7199.620782
LP002082,Male,Yes,0,Graduate,Yes,5818,2160,184,360,1,Semiurban,Y,0.023063424,1,7978,Graduate_Yes,6812.39485
LP002086,Female,Yes,0,Graduate,No,4333,2451,110,360,1,Urban,N,0.016214623,0,6784,Graduate_No,7114.59802
LP002087,Female,No,0,Graduate,No,2500,0,67,360,1,Urban,Y,0.0268,0,2500,Graduate_No,7114.59802
LP002097,Male,No,1,Graduate,No,4384,1793,117,360,1,Urban,Y,0.018941234,0,6177,Graduate_No,7114.59802
LP002098,Male,No,0,Graduate,No,2935,0,98,360,1,Semiurban,Y,0.033390119,0,2935,Graduate_No,6812.39485
LP002100,Male,No,,Graduate,No,2833,0,71,360,1,Urban,Y,0.025061772,0,2833,Graduate_No,7114.59802
LP002101,Male,Yes,0,Graduate,,63337,0,490,180,1,Urban,Y,0.007736394,1,63337,,7114.59802
LP002103,,Yes,1,Graduate,Yes,9833,1833,182,180,1,Urban,Y,0.015600891,1,11666,Graduate_Yes,7114.59802
LP002106,Male,Yes,,Graduate,Yes,5503,4490,70,,1,Semiurban,Y,0.007004903,0,9993,Graduate_Yes,6812.39485
LP002110,Male,Yes,1,Graduate,,5250,688,160,360,1,Rural,Y,0.026945099,0,5938,,7199.620782
LP002112,Male,Yes,2,Graduate,Yes,2500,4600,176,360,1,Rural,Y,0.024788732,1,7100,Graduate_Yes,7199.620782
LP002113,Female,No,3+,Not Graduate,No,1830,0,,360,0,Urban,N,,0,1830,Not Graduate_No,7114.59802
LP002114,Female,No,0,Graduate,No,4160,0,71,360,1,Semiurban,Y,0.017067308,0,4160,Graduate_No,6812.39485
LP002115,Male,Yes,3+,Not Graduate,No,2647,1587,173,360,1,Rural,N,0.040859707,1,4234,Not Graduate_No,7199.620782
LP002116,Female,No,0,Graduate,No,2378,0,46,360,1,Rural,N,0.019343987,0,2378,Graduate_No,7199.620782
LP002119,Male,Yes,1,Not Graduate,No,4554,1229,158,360,1,Urban,Y,0.027321459,0,5783,Not Graduate_No,7114.59802
LP002126,Male,Yes,3+,Not Graduate,No,3173,0,74,360,1,Semiurban,Y,0.023321777,0,3173,Not Graduate_No,6812.39485
LP002128,Male,Yes,2,Graduate,,2583,2330,125,360,1,Rural,Y,0.025442703,0,4913,,7199.620782
LP002129,Male,Yes,0,Graduate,No,2499,2458,160,360,1,Semiurban,Y,0.032277587,0,4957,Graduate_No,6812.39485
LP002130,Male,Yes,,Not Graduate,No,3523,3230,152,360,0,Rural,N,0.022508515,0,6753,Not Graduate_No,7199.620782
LP002131,Male,Yes,2,Not Graduate,No,3083,2168,126,360,1,Urban,Y,0.023995429,0,5251,Not Graduate_No,7114.59802
LP002137,Male,Yes,0,Graduate,No,6333,4583,259,360,,Semiurban,Y,0.02372664,1,10916,Graduate_No,6812.39485
LP002138,Male,Yes,0,Graduate,No,2625,6250,187,360,1,Rural,Y,0.021070423,1,8875,Graduate_No,7199.620782
LP002139,Male,Yes,0,Graduate,No,9083,0,228,360,1,Semiurban,Y,0.025101839,1,9083,Graduate_No,6812.39485
LP002140,Male,No,0,Graduate,No,8750,4167,308,360,1,Rural,N,0.023844546,1,12917,Graduate_No,7199.620782
LP002141,Male,Yes,3+,Graduate,No,2666,2083,95,360,1,Rural,Y,0.020004211,0,4749,Graduate_No,7199.620782
LP002142,Female,Yes,0,Graduate,Yes,5500,0,105,360,0,Rural,N,0.019090909,0,5500,Graduate_Yes,7199.620782
LP002143,Female,Yes,0,Graduate,No,2423,505,130,360,1,Semiurban,Y,0.044398907,0,2928,Graduate_No,6812.39485
LP002144,Female,No,,Graduate,No,3813,0,116,180,1,Urban,Y,0.03042224,0,3813,Graduate_No,7114.59802
LP002149,Male,Yes,2,Graduate,No,8333,3167,165,360,1,Rural,Y,0.014347826,0,11500,Graduate_No,7199.620782
LP002151,Male,Yes,1,Graduate,No,3875,0,67,360,1,Urban,N,0.017290323,0,3875,Graduate_No,7114.59802
LP002158,Male,Yes,0,Not Graduate,No,3000,1666,100,480,0,Urban,N,0.021431633,0,4666,Not Graduate_No,7114.59802
LP002160,Male,Yes,3+,Graduate,No,5167,3167,200,360,1,Semiurban,Y,0.02399808,1,8334,Graduate_No,6812.39485
LP002161,Female,No,1,Graduate,No,4723,0,81,360,1,Semiurban,N,0.017150116,0,4723,Graduate_No,6812.39485
LP002170,Male,Yes,2,Graduate,No,5000,3667,236,360,1,Semiurban,Y,0.027229722,1,8667,Graduate_No,6812.39485
LP002175,Male,Yes,0,Graduate,No,4750,2333,130,360,1,Urban,Y,0.018353805,0,7083,Graduate_No,7114.59802
LP002178,Male,Yes,0,Graduate,No,3013,3033,95,300,,Urban,Y,0.015712868,0,6046,Graduate_No,7114.59802
LP002180,Male,No,0,Graduate,Yes,6822,0,141,360,1,Rural,Y,0.020668426,0,6822,Graduate_Yes,7199.620782
LP002181,Male,No,0,Not Graduate,No,6216,0,133,360,1,Rural,N,0.021396396,0,6216,Not Graduate_No,7199.620782
LP002187,Male,No,0,Graduate,No,2500,0,96,480,1,Semiurban,N,0.0384,0,2500,Graduate_No,6812.39485
LP002188,Male,No,0,Graduate,No,5124,0,124,,0,Rural,N,0.024199844,0,5124,Graduate_No,7199.620782
LP002190,Male,Yes,1,Graduate,No,6325,0,175,360,1,Semiurban,Y,0.027667984,1,6325,Graduate_No,6812.39485
LP002191,Male,Yes,0,Graduate,No,19730,5266,570,360,1,Rural,N,0.022803649,1,24996,Graduate_No,7199.620782
LP002194,Female,No,0,Graduate,Yes,15759,0,55,360,1,Semiurban,Y,0.003490069,0,15759,Graduate_Yes,6812.39485
LP002197,Male,Yes,2,Graduate,No,5185,0,155,360,1,Semiurban,Y,0.029893925,0,5185,Graduate_No,6812.39485
LP002201,Male,Yes,2,Graduate,Yes,9323,7873,380,300,1,Rural,Y,0.022098162,1,17196,Graduate_Yes,7199.620782
LP002205,Male,No,1,Graduate,No,3062,1987,111,180,0,Urban,N,0.021984551,0,5049,Graduate_No,7114.59802
LP002209,Female,No,0,Graduate,,2764,1459,110,360,1,Urban,Y,0.026047833,0,4223,,7114.59802
LP002211,Male,Yes,0,Graduate,No,4817,923,120,180,1,Urban,Y,0.020905923,0,5740,Graduate_No,7114.59802
LP002219,Male,Yes,3+,Graduate,No,8750,4996,130,360,1,Rural,Y,0.009457297,0,13746,Graduate_No,7199.620782
LP002223,Male,Yes,0,Graduate,No,4310,0,130,360,,Semiurban,Y,0.030162413,0,4310,Graduate_No,6812.39485
LP002224,Male,No,0,Graduate,No,3069,0,71,480,1,Urban,N,0.023134572,0,3069,Graduate_No,7114.59802
LP002225,Male,Yes,2,Graduate,No,5391,0,130,360,1,Urban,Y,0.024114265,0,5391,Graduate_No,7114.59802
LP002226,Male,Yes,0,Graduate,,3333,2500,128,360,1,Semiurban,Y,0.021944111,0,5833,,6812.39485
LP002229,Male,No,0,Graduate,No,5941,4232,296,360,1,Semiurban,Y,0.029096628,1,10173,Graduate_No,6812.39485
LP002231,Female,No,0,Graduate,No,6000,0,156,360,1,Urban,Y,0.026,0,6000,Graduate_No,7114.59802
LP002234,Male,No,0,Graduate,Yes,7167,0,128,360,1,Urban,Y,0.017859634,0,7167,Graduate_Yes,7114.59802
LP002236,Male,Yes,2,Graduate,No,4566,0,100,360,1,Urban,N,0.021901007,0,4566,Graduate_No,7114.59802
LP002237,Male,No,1,Graduate,,3667,0,113,180,1,Urban,Y,0.03081538,0,3667,,7114.59802
LP002239,Male,No,0,Not Graduate,No,2346,1600,132,360,1,Semiurban,Y,0.033451597,0,3946,Not Graduate_No,6812.39485
LP002243,Male,Yes,0,Not Graduate,No,3010,3136,,360,0,Urban,N,,0,6146,Not Graduate_No,7114.59802
LP002244,Male,Yes,0,Graduate,No,2333,2417,136,360,1,Urban,Y,0.028631579,0,4750,Graduate_No,7114.59802
LP002250,Male,Yes,0,Graduate,No,5488,0,125,360,1,Rural,Y,0.022776968,0,5488,Graduate_No,7199.620782
LP002255,Male,No,3+,Graduate,No,9167,0,185,360,1,Rural,Y,0.020181084,1,9167,Graduate_No,7199.620782
LP002262,Male,Yes,3+,Graduate,No,9504,0,275,360,1,Rural,Y,0.028935185,1,9504,Graduate_No,7199.620782
LP002263,Male,Yes,0,Graduate,No,2583,2115,120,360,,Urban,Y,0.025542784,0,4698,Graduate_No,7114.59802
LP002265,Male,Yes,2,Not Graduate,No,1993,1625,113,180,1,Semiurban,Y,0.031232725,0,3618,Not Graduate_No,6812.39485
LP002266,Male,Yes,2,Graduate,No,3100,1400,113,360,1,Urban,Y,0.025111111,0,4500,Graduate_No,7114.59802
LP002272,Male,Yes,2,Graduate,No,3276,484,135,360,,Semiurban,Y,0.035904255,0,3760,Graduate_No,6812.39485
LP002277,Female,No,0,Graduate,No,3180,0,71,360,0,Urban,N,0.022327044,0,3180,Graduate_No,7114.59802
LP002281,Male,Yes,0,Graduate,No,3033,1459,95,360,1,Urban,Y,0.021148709,0,4492,Graduate_No,7114.59802
LP002284,Male,No,0,Not Graduate,No,3902,1666,109,360,1,Rural,Y,0.019576149,0,5568,Not Graduate_No,7199.620782
LP002287,Female,No,0,Graduate,No,1500,1800,103,360,0,Semiurban,N,0.031212121,0,3300,Graduate_No,6812.39485
LP002288,Male,Yes,2,Not Graduate,No,2889,0,45,180,0,Urban,N,0.015576324,0,2889,Not Graduate_No,7114.59802
LP002296,Male,No,0,Not Graduate,No,2755,0,65,300,1,Rural,N,0.023593466,0,2755,Not Graduate_No,7199.620782
LP002297,Male,No,0,Graduate,No,2500,20000,103,360,1,Semiurban,Y,0.004577778,0,22500,Graduate_No,6812.39485
LP002300,Female,No,0,Not Graduate,No,1963,0,53,360,1,Semiurban,Y,0.026999491,0,1963,Not Graduate_No,6812.39485
LP002301,Female,No,0,Graduate,Yes,7441,0,194,360,1,Rural,N,0.026071765,1,7441,Graduate_Yes,7199.620782
LP002305,Female,No,0,Graduate,No,4547,0,115,360,1,Semiurban,Y,0.025291401,0,4547,Graduate_No,6812.39485
LP002308,Male,Yes,0,Not Graduate,No,2167,2400,115,360,1,Urban,Y,0.025180644,0,4567,Not Graduate_No,7114.59802
LP002314,Female,No,0,Not Graduate,No,2213,0,66,360,1,Rural,Y,0.029823769,0,2213,Not Graduate_No,7199.620782
LP002315,Male,Yes,1,Graduate,No,8300,0,152,300,0,Semiurban,N,0.018313253,0,8300,Graduate_No,6812.39485
LP002317,Male,Yes,3+,Graduate,No,81000,0,360,360,0,Rural,N,0.004444444,1,81000,Graduate_No,7199.620782
LP002318,Female,No,1,Not Graduate,Yes,3867,0,62,360,1,Semiurban,N,0.016033101,0,3867,Not Graduate_Yes,6812.39485
LP002319,Male,Yes,0,Graduate,,6256,0,160,360,,Urban,Y,0.025575448,0,6256,,7114.59802
LP002328,Male,Yes,0,Not Graduate,No,6096,0,218,360,0,Rural,N,0.035761155,1,6096,Not Graduate_No,7199.620782
LP002332,Male,Yes,0,Not Graduate,No,2253,2033,110,360,1,Rural,Y,0.025664956,0,4286,Not Graduate_No,7199.620782
LP002335,Female,Yes,0,Not Graduate,No,2149,3237,178,360,0,Semiurban,N,0.033048645,1,5386,Not Graduate_No,6812.39485
LP002337,Female,No,0,Graduate,No,2995,0,60,360,1,Urban,Y,0.020033389,0,2995,Graduate_No,7114.59802
LP002341,Female,No,1,Graduate,No,2600,0,160,360,1,Urban,N,0.061538462,0,2600,Graduate_No,7114.59802
LP002342,Male,Yes,2,Graduate,Yes,1600,20000,239,360,1,Urban,N,0.011064815,1,21600,Graduate_Yes,7114.59802
LP002345,Male,Yes,0,Graduate,No,1025,2773,112,360,1,Rural,Y,0.029489205,0,3798,Graduate_No,7199.620782
LP002347,Male,Yes,0,Graduate,No,3246,1417,138,360,1,Semiurban,Y,0.029594682,0,4663,Graduate_No,6812.39485
LP002348,Male,Yes,0,Graduate,No,5829,0,138,360,1,Rural,Y,0.02367473,0,5829,Graduate_No,7199.620782
LP002357,Female,No,0,Not Graduate,No,2720,0,80,,0,Urban,N,0.029411765,0,2720,Not Graduate_No,7114.59802
LP002361,Male,Yes,0,Graduate,No,1820,1719,100,360,1,Urban,Y,0.02825657,0,3539,Graduate_No,7114.59802
LP002362,Male,Yes,1,Graduate,No,7250,1667,110,,0,Urban,N,0.012335987,0,8917,Graduate_No,7114.59802
LP002364,Male,Yes,0,Graduate,No,14880,0,96,360,1,Semiurban,Y,0.006451613,0,14880,Graduate_No,6812.39485
LP002366,Male,Yes,0,Graduate,No,2666,4300,121,360,1,Rural,Y,0.017370083,0,6966,Graduate_No,7199.620782
LP002367,Female,No,1,Not Graduate,No,4606,0,81,360,1,Rural,N,0.017585758,0,4606,Not Graduate_No,7199.620782
LP002368,Male,Yes,2,Graduate,No,5935,0,133,360,1,Semiurban,Y,0.022409436,0,5935,Graduate_No,6812.39485
LP002369,Male,Yes,0,Graduate,No,2920,16.12000084,87,360,1,Rural,Y,0.029630942,0,2936.120001,Graduate_No,7199.620782
LP002370,Male,No,0,Not Graduate,No,2717,0,60,180,1,Urban,Y,0.02208318,0,2717,Not Graduate_No,7114.59802
LP002377,Female,No,1,Graduate,Yes,8624,0,150,360,1,Semiurban,Y,0.017393321,0,8624,Graduate_Yes,6812.39485
LP002379,Male,No,0,Graduate,No,6500,0,105,360,0,Rural,N,0.016153846,0,6500,Graduate_No,7199.620782
LP002386,Male,No,0,Graduate,,12876,0,405,360,1,Semiurban,Y,0.031453868,1,12876,,6812.39485
LP002387,Male,Yes,0,Graduate,No,2425,2340,143,360,1,Semiurban,Y,0.030010493,0,4765,Graduate_No,6812.39485
LP002390,Male,No,0,Graduate,No,3750,0,100,360,1,Urban,Y,0.026666667,0,3750,Graduate_No,7114.59802
LP002393,Female,,,Graduate,No,10047,0,,240,1,Semiurban,Y,,0,10047,Graduate_No,6812.39485
LP002398,Male,No,0,Graduate,No,1926,1851,50,360,1,Semiurban,Y,0.01323802,0,3777,Graduate_No,6812.39485
LP002401,Male,Yes,0,Graduate,No,2213,1125,,360,1,Urban,Y,,0,3338,Graduate_No,7114.59802
LP002403,Male,No,0,Graduate,Yes,10416,0,187,360,0,Urban,N,0.017953149,1,10416,Graduate_Yes,7114.59802
LP002407,Female,Yes,0,Not Graduate,Yes,7142,0,138,360,1,Rural,Y,0.019322319,0,7142,Not Graduate_Yes,7199.620782
LP002408,Male,No,0,Graduate,No,3660,5064,187,360,1,Semiurban,Y,0.021435122,1,8724,Graduate_No,6812.39485
LP002409,Male,Yes,0,Graduate,No,7901,1833,180,360,1,Rural,Y,0.018491884,1,9734,Graduate_No,7199.620782
LP002418,Male,No,3+,Not Graduate,No,4707,1993,148,360,1,Semiurban,Y,0.022089552,0,6700,Not Graduate_No,6812.39485
LP002422,Male,No,1,Graduate,No,37719,0,152,360,1,Semiurban,Y,0.004029799,0,37719,Graduate_No,6812.39485
LP002424,Male,Yes,0,Graduate,No,7333,8333,175,300,,Rural,Y,0.011170688,1,15666,Graduate_No,7199.620782
LP002429,Male,Yes,1,Graduate,Yes,3466,1210,130,360,1,Rural,Y,0.02780154,0,4676,Graduate_Yes,7199.620782
LP002434,Male,Yes,2,Not Graduate,No,4652,0,110,360,1,Rural,Y,0.023645744,0,4652,Not Graduate_No,7199.620782
LP002435,Male,Yes,0,Graduate,,3539,1376,55,360,1,Rural,N,0.011190234,0,4915,,7199.620782
LP002443,Male,Yes,2,Graduate,No,3340,1710,150,360,0,Rural,N,0.02970297,0,5050,Graduate_No,7199.620782
LP002444,Male,No,1,Not Graduate,Yes,2769,1542,190,360,,Semiurban,N,0.044073301,1,4311,Not Graduate_Yes,6812.39485
LP002446,Male,Yes,2,Not Graduate,No,2309,1255,125,360,0,Rural,N,0.035072952,0,3564,Not Graduate_No,7199.620782
LP002447,Male,Yes,2,Not Graduate,No,1958,1456,60,300,,Urban,Y,0.017574692,0,3414,Not Graduate_No,7114.59802
LP002448,Male,Yes,0,Graduate,No,3948,1733,149,360,0,Rural,N,0.026227777,0,5681,Graduate_No,7199.620782
LP002449,Male,Yes,0,Graduate,No,2483,2466,90,180,0,Rural,Y,0.018185492,0,4949,Graduate_No,7199.620782
LP002453,Male,No,0,Graduate,Yes,7085,0,84,360,1,Semiurban,Y,0.011856034,0,7085,Graduate_Yes,6812.39485
LP002455,Male,Yes,2,Graduate,No,3859,0,96,360,1,Semiurban,Y,0.024876911,0,3859,Graduate_No,6812.39485
LP002459,Male,Yes,0,Graduate,No,4301,0,118,360,1,Urban,Y,0.02743548,0,4301,Graduate_No,7114.59802
LP002467,Male,Yes,0,Graduate,No,3708,2569,173,360,1,Urban,N,0.027560937,1,6277,Graduate_No,7114.59802
LP002472,Male,No,2,Graduate,No,4354,0,136,360,1,Rural,Y,0.031235645,0,4354,Graduate_No,7199.620782
LP002473,Male,Yes,0,Graduate,No,8334,0,160,360,1,Semiurban,N,0.019198464,0,8334,Graduate_No,6812.39485
LP002478,,Yes,0,Graduate,Yes,2083,4083,160,360,,Semiurban,Y,0.025948751,0,6166,Graduate_Yes,6812.39485
LP002484,Male,Yes,3+,Graduate,No,7740,0,128,180,1,Urban,Y,0.016537468,0,7740,Graduate_No,7114.59802
LP002487,Male,Yes,0,Graduate,No,3015,2188,153,360,1,Rural,Y,0.029406112,0,5203,Graduate_No,7199.620782
LP002489,Female,No,1,Not Graduate,,5191,0,132,360,1,Semiurban,Y,0.025428626,0,5191,,6812.39485
LP002493,Male,No,0,Graduate,No,4166,0,98,360,0,Semiurban,N,0.023523764,0,4166,Graduate_No,6812.39485
LP002494,Male,No,0,Graduate,No,6000,0,140,360,1,Rural,Y,0.023333333,0,6000,Graduate_No,7199.620782
LP002500,Male,Yes,3+,Not Graduate,No,2947,1664,70,180,0,Urban,N,0.015181089,0,4611,Not Graduate_No,7114.59802
LP002501,,Yes,0,Graduate,No,16692,0,110,360,1,Semiurban,Y,0.006589983,0,16692,Graduate_No,6812.39485
LP002502,Female,Yes,2,Not Graduate,,210,2917,98,360,1,Semiurban,Y,0.031339942,0,3127,,6812.39485
LP002505,Male,Yes,0,Graduate,No,4333,2451,110,360,1,Urban,N,0.016214623,0,6784,Graduate_No,7114.59802
LP002515,Male,Yes,1,Graduate,Yes,3450,2079,162,360,1,Semiurban,Y,0.029300054,0,5529,Graduate_Yes,6812.39485
LP002517,Male,Yes,1,Not Graduate,No,2653,1500,113,180,0,Rural,N,0.027209246,0,4153,Not Graduate_No,7199.620782
LP002519,Male,Yes,3+,Graduate,No,4691,0,100,360,1,Semiurban,Y,0.021317416,0,4691,Graduate_No,6812.39485
LP002522,Female,No,0,Graduate,Yes,2500,0,93,360,,Urban,Y,0.0372,0,2500,Graduate_Yes,7114.59802
LP002524,Male,No,2,Graduate,No,5532,4648,162,360,1,Rural,Y,0.015913556,0,10180,Graduate_No,7199.620782
LP002527,Male,Yes,2,Graduate,Yes,16525,1014,150,360,1,Rural,Y,0.008552369,0,17539,Graduate_Yes,7199.620782
LP002529,Male,Yes,2,Graduate,No,6700,1750,230,300,1,Semiurban,Y,0.027218935,1,8450,Graduate_No,6812.39485
LP002530,,Yes,2,Graduate,No,2873,1872,132,360,0,Semiurban,N,0.027818757,0,4745,Graduate_No,6812.39485
LP002531,Male,Yes,1,Graduate,Yes,16667,2250,86,360,1,Semiurban,Y,0.004546175,0,18917,Graduate_Yes,6812.39485
LP002533,Male,Yes,2,Graduate,No,2947,1603,,360,1,Urban,N,,0,4550,Graduate_No,7114.59802
LP002534,Female,No,0,Not Graduate,No,4350,0,154,360,1,Rural,Y,0.035402299,0,4350,Not Graduate_No,7199.620782
LP002536,Male,Yes,3+,Not Graduate,No,3095,0,113,360,1,Rural,Y,0.036510501,0,3095,Not Graduate_No,7199.620782
LP002537,Male,Yes,0,Graduate,No,2083,3150,128,360,1,Semiurban,Y,0.024460157,0,5233,Graduate_No,6812.39485
LP002541,Male,Yes,0,Graduate,No,10833,0,234,360,1,Semiurban,Y,0.021600665,1,10833,Graduate_No,6812.39485
LP002543,Male,Yes,2,Graduate,No,8333,0,246,360,1,Semiurban,Y,0.029521181,1,8333,Graduate_No,6812.39485
LP002544,Male,Yes,1,Not Graduate,No,1958,2436,131,360,1,Rural,Y,0.029813382,0,4394,Not Graduate_No,7199.620782
LP002545,Male,No,2,Graduate,No,3547,0,80,360,0,Rural,N,0.022554271,0,3547,Graduate_No,7199.620782
LP002547,Male,Yes,1,Graduate,No,18333,0,500,360,1,Urban,N,0.027273223,1,18333,Graduate_No,7114.59802
LP002555,Male,Yes,2,Graduate,Yes,4583,2083,160,360,1,Semiurban,Y,0.0240024,0,6666,Graduate_Yes,6812.39485
LP002556,Male,No,0,Graduate,No,2435,0,75,360,1,Urban,N,0.030800821,0,2435,Graduate_No,7114.59802
LP002560,Male,No,0,Not Graduate,No,2699,2785,96,360,,Semiurban,Y,0.01750547,0,5484,Not Graduate_No,6812.39485
LP002562,Male,Yes,1,Not Graduate,No,5333,1131,186,360,,Urban,Y,0.028774752,1,6464,Not Graduate_No,7114.59802
LP002571,Male,No,0,Not Graduate,No,3691,0,110,360,1,Rural,Y,0.029802222,0,3691,Not Graduate_No,7199.620782
LP002582,Female,No,0,Not Graduate,Yes,17263,0,225,360,1,Semiurban,Y,0.013033656,1,17263,Not Graduate_Yes,6812.39485
LP002585,Male,Yes,0,Graduate,No,3597,2157,119,360,0,Rural,N,0.020681265,0,5754,Graduate_No,7199.620782
LP002586,Female,Yes,1,Graduate,No,3326,913,105,84,1,Semiurban,Y,0.024769993,0,4239,Graduate_No,6812.39485
LP002587,Male,Yes,0,Not Graduate,No,2600,1700,107,360,1,Rural,Y,0.024883721,0,4300,Not Graduate_No,7199.620782
LP002588,Male,Yes,0,Graduate,No,4625,2857,111,12,,Urban,Y,0.014835605,0,7482,Graduate_No,7114.59802
LP002600,Male,Yes,1,Graduate,Yes,2895,0,95,360,1,Semiurban,Y,0.032815199,0,2895,Graduate_Yes,6812.39485
LP002602,Male,No,0,Graduate,No,6283,4416,209,360,0,Rural,N,0.019534536,1,10699,Graduate_No,7199.620782
LP002603,Female,No,0,Graduate,No,645,3683,113,480,1,Rural,Y,0.026109057,0,4328,Graduate_No,7199.620782
LP002606,Female,No,0,Graduate,No,3159,0,100,360,1,Semiurban,Y,0.031655587,0,3159,Graduate_No,6812.39485
LP002615,Male,Yes,2,Graduate,No,4865,5624,208,360,1,Semiurban,Y,0.019830298,1,10489,Graduate_No,6812.39485
LP002618,Male,Yes,1,Not Graduate,No,4050,5302,138,360,,Rural,N,0.014756202,0,9352,Not Graduate_No,7199.620782
LP002619,Male,Yes,0,Not Graduate,No,3814,1483,124,300,1,Semiurban,Y,0.023409477,0,5297,Not Graduate_No,6812.39485
LP002622,Male,Yes,2,Graduate,No,3510,4416,243,360,1,Rural,Y,0.030658592,1,7926,Graduate_No,7199.620782
LP002624,Male,Yes,0,Graduate,No,20833,6667,480,360,,Urban,Y,0.017454545,1,27500,Graduate_No,7114.59802
LP002625,,No,0,Graduate,No,3583,0,96,360,1,Urban,N,0.02679319,0,3583,Graduate_No,7114.59802
LP002626,Male,Yes,0,Graduate,Yes,2479,3013,188,360,1,Urban,Y,0.03423161,1,5492,Graduate_Yes,7114.59802
LP002634,Female,No,1,Graduate,No,13262,0,40,360,1,Urban,Y,0.003016136,0,13262,Graduate_No,7114.59802
LP002637,Male,No,0,Not Graduate,No,3598,1287,100,360,1,Rural,N,0.020470829,0,4885,Not Graduate_No,7199.620782
LP002640,Male,Yes,1,Graduate,No,6065,2004,250,360,1,Semiurban,Y,0.030982774,1,8069,Graduate_No,6812.39485
LP002643,Male,Yes,2,Graduate,No,3283,2035,148,360,1,Urban,Y,0.027830011,0,5318,Graduate_No,7114.59802
LP002648,Male,Yes,0,Graduate,No,2130,6666,70,180,1,Semiurban,N,0.007958163,0,8796,Graduate_No,6812.39485
LP002652,Male,No,0,Graduate,No,5815,3666,311,360,1,Rural,N,0.032802447,1,9481,Graduate_No,7199.620782
LP002659,Male,Yes,3+,Graduate,No,3466,3428,150,360,1,Rural,Y,0.02175805,0,6894,Graduate_No,7199.620782
LP002670,Female,Yes,2,Graduate,No,2031,1632,113,480,1,Semiurban,Y,0.030849031,0,3663,Graduate_No,6812.39485
LP002682,Male,Yes,,Not Graduate,No,3074,1800,123,360,0,Semiurban,N,0.025235946,0,4874,Not Graduate_No,6812.39485
LP002683,Male,No,0,Graduate,No,4683,1915,185,360,1,Semiurban,N,0.0280388,1,6598,Graduate_No,6812.39485
LP002684,Female,No,0,Not Graduate,No,3400,0,95,360,1,Rural,N,0.027941176,0,3400,Not Graduate_No,7199.620782
LP002689,Male,Yes,2,Not Graduate,No,2192,1742,45,360,1,Semiurban,Y,0.011438739,0,3934,Not Graduate_No,6812.39485
LP002690,Male,No,0,Graduate,No,2500,0,55,360,1,Semiurban,Y,0.022,0,2500,Graduate_No,6812.39485
LP002692,Male,Yes,3+,Graduate,Yes,5677,1424,100,360,1,Rural,Y,0.014082524,0,7101,Graduate_Yes,7199.620782
LP002693,Male,Yes,2,Graduate,Yes,7948,7166,480,360,1,Rural,Y,0.031758634,1,15114,Graduate_Yes,7199.620782
LP002697,Male,No,0,Graduate,No,4680,2087,,360,1,Semiurban,N,,0,6767,Graduate_No,6812.39485
LP002699,Male,Yes,2,Graduate,Yes,17500,0,400,360,1,Rural,Y,0.022857143,1,17500,Graduate_Yes,7199.620782
LP002705,Male,Yes,0,Graduate,No,3775,0,110,360,1,Semiurban,Y,0.029139073,0,3775,Graduate_No,6812.39485
LP002706,Male,Yes,1,Not Graduate,No,5285,1430,161,360,0,Semiurban,Y,0.023976173,0,6715,Not Graduate_No,6812.39485
LP002714,Male,No,1,Not Graduate,No,2679,1302,94,360,1,Semiurban,Y,0.023612158,0,3981,Not Graduate_No,6812.39485
LP002716,Male,No,0,Not Graduate,No,6783,0,130,360,1,Semiurban,Y,0.019165561,0,6783,Not Graduate_No,6812.39485
LP002717,Male,Yes,0,Graduate,No,1025,5500,216,360,,Rural,Y,0.033103448,1,6525,Graduate_No,7199.620782
LP002720,Male,Yes,3+,Graduate,No,4281,0,100,360,1,Urban,Y,0.023359028,0,4281,Graduate_No,7114.59802
LP002723,Male,No,2,Graduate,No,3588,0,110,360,0,Rural,N,0.030657748,0,3588,Graduate_No,7199.620782
LP002729,Male,No,1,Graduate,No,11250,0,196,360,,Semiurban,N,0.017422222,1,11250,Graduate_No,6812.39485
LP002731,Female,No,0,Not Graduate,Yes,18165,0,125,360,1,Urban,Y,0.006881365,0,18165,Not Graduate_Yes,7114.59802
LP002732,Male,No,0,Not Graduate,,2550,2042,126,360,1,Rural,Y,0.027439024,0,4592,,7199.620782
LP002734,Male,Yes,0,Graduate,No,6133,3906,324,360,1,Urban,Y,0.032274131,1,10039,Graduate_No,7114.59802
LP002738,Male,No,2,Graduate,No,3617,0,107,360,1,Semiurban,Y,0.029582527,0,3617,Graduate_No,6812.39485
LP002739,Male,Yes,0,Not Graduate,No,2917,536,66,360,1,Rural,N,0.019113814,0,3453,Not Graduate_No,7199.620782
LP002740,Male,Yes,3+,Graduate,No,6417,0,157,180,1,Rural,Y,0.024466261,0,6417,Graduate_No,7199.620782
LP002741,Female,Yes,1,Graduate,No,4608,2845,140,180,1,Semiurban,Y,0.018784382,0,7453,Graduate_No,6812.39485
LP002743,Female,No,0,Graduate,No,2138,0,99,360,0,Semiurban,N,0.046304958,0,2138,Graduate_No,6812.39485
LP002753,Female,No,1,Graduate,,3652,0,95,360,1,Semiurban,Y,0.026013143,0,3652,,6812.39485
LP002755,Male,Yes,1,Not Graduate,No,2239,2524,128,360,1,Urban,Y,0.026873819,0,4763,Not Graduate_No,7114.59802
LP002757,Female,Yes,0,Not Graduate,No,3017,663,102,360,,Semiurban,Y,0.027717391,0,3680,Not Graduate_No,6812.39485
LP002767,Male,Yes,0,Graduate,No,2768,1950,155,360,1,Rural,Y,0.032852904,0,4718,Graduate_No,7199.620782
LP002768,Male,No,0,Not Graduate,No,3358,0,80,36,1,Semiurban,N,0.023823705,0,3358,Not Graduate_No,6812.39485
LP002772,Male,No,0,Graduate,No,2526,1783,145,360,1,Rural,Y,0.033650499,0,4309,Graduate_No,7199.620782
LP002776,Female,No,0,Graduate,No,5000,0,103,360,0,Semiurban,N,0.0206,0,5000,Graduate_No,6812.39485
LP002777,Male,Yes,0,Graduate,No,2785,2016,110,360,1,Rural,Y,0.022911893,0,4801,Graduate_No,7199.620782
LP002778,Male,Yes,2,Graduate,Yes,6633,0,,360,0,Rural,N,,0,6633,Graduate_Yes,7199.620782
LP002784,Male,Yes,1,Not Graduate,No,2492,2375,,360,1,Rural,Y,,0,4867,Not Graduate_No,7199.620782
LP002785,Male,Yes,1,Graduate,No,3333,3250,158,360,1,Urban,Y,0.024001215,0,6583,Graduate_No,7114.59802
LP002788,Male,Yes,0,Not Graduate,No,2454,2333,181,360,0,Urban,N,0.037810737,1,4787,Not Graduate_No,7114.59802
LP002789,Male,Yes,0,Graduate,No,3593,4266,132,180,0,Rural,N,0.01679603,0,7859,Graduate_No,7199.620782
LP002792,Male,Yes,1,Graduate,No,5468,1032,26,360,1,Semiurban,Y,0.004,0,6500,Graduate_No,6812.39485
LP002794,Female,No,0,Graduate,No,2667,1625,84,360,,Urban,Y,0.019571295,0,4292,Graduate_No,7114.59802
LP002795,Male,Yes,3+,Graduate,Yes,10139,0,260,360,1,Semiurban,Y,0.025643555,1,10139,Graduate_Yes,6812.39485
LP002798,Male,Yes,0,Graduate,No,3887,2669,162,360,1,Semiurban,Y,0.024710189,0,6556,Graduate_No,6812.39485
LP002804,Female,Yes,0,Graduate,No,4180,2306,182,360,1,Semiurban,Y,0.028060438,1,6486,Graduate_No,6812.39485
LP002807,Male,Yes,2,Not Graduate,No,3675,242,108,360,1,Semiurban,Y,0.027572122,0,3917,Not Graduate_No,6812.39485
LP002813,Female,Yes,1,Graduate,Yes,19484,0,600,360,1,Semiurban,Y,0.030794498,1,19484,Graduate_Yes,6812.39485
LP002820,Male,Yes,0,Graduate,No,5923,2054,211,360,1,Rural,Y,0.026451047,1,7977,Graduate_No,7199.620782
LP002821,Male,No,0,Not Graduate,Yes,5800,0,132,360,1,Semiurban,Y,0.022758621,0,5800,Not Graduate_Yes,6812.39485
LP002832,Male,Yes,2,Graduate,No,8799,0,258,360,0,Urban,N,0.029321514,1,8799,Graduate_No,7114.59802
LP002833,Male,Yes,0,Not Graduate,No,4467,0,120,360,,Rural,Y,0.026863667,0,4467,Not Graduate_No,7199.620782
LP002836,Male,No,0,Graduate,No,3333,0,70,360,1,Urban,Y,0.0210021,0,3333,Graduate_No,7114.59802
LP002837,Male,Yes,3+,Graduate,No,3400,2500,123,360,0,Rural,N,0.020847458,0,5900,Graduate_No,7199.620782
LP002840,Female,No,0,Graduate,No,2378,0,9,360,1,Urban,N,0.003784693,0,2378,Graduate_No,7114.59802
LP002841,Male,Yes,0,Graduate,No,3166,2064,104,360,0,Urban,N,0.019885277,0,5230,Graduate_No,7114.59802
LP002842,Male,Yes,1,Graduate,No,3417,1750,186,360,1,Urban,Y,0.035997678,1,5167,Graduate_No,7114.59802
LP002847,Male,Yes,,Graduate,No,5116,1451,165,360,0,Urban,N,0.025125628,0,6567,Graduate_No,7114.59802
LP002855,Male,Yes,2,Graduate,No,16666,0,275,360,1,Urban,Y,0.01650066,1,16666,Graduate_No,7114.59802
LP002862,Male,Yes,2,Not Graduate,No,6125,1625,187,480,1,Semiurban,N,0.024129032,1,7750,Not Graduate_No,6812.39485
LP002863,Male,Yes,3+,Graduate,No,6406,0,150,360,1,Semiurban,N,0.023415548,0,6406,Graduate_No,6812.39485
LP002868,Male,Yes,2,Graduate,No,3159,461,108,84,1,Urban,Y,0.029834254,0,3620,Graduate_No,7114.59802
LP002872,,Yes,0,Graduate,No,3087,2210,136,360,0,Semiurban,N,0.02567491,0,5297,Graduate_No,6812.39485
LP002874,Male,No,0,Graduate,No,3229,2739,110,360,1,Urban,Y,0.018431635,0,5968,Graduate_No,7114.59802
LP002877,Male,Yes,1,Graduate,No,1782,2232,107,360,1,Rural,Y,0.026656702,0,4014,Graduate_No,7199.620782
LP002888,Male,No,0,Graduate,,3182,2917,161,360,1,Urban,Y,0.02639777,0,6099,,7114.59802
LP002892,Male,Yes,2,Graduate,No,6540,0,205,360,1,Semiurban,Y,0.031345566,1,6540,Graduate_No,6812.39485
LP002893,Male,No,0,Graduate,No,1836,33837,90,360,1,Urban,N,0.002522916,0,35673,Graduate_No,7114.59802
LP002894,Female,Yes,0,Graduate,No,3166,0,36,360,1,Semiurban,Y,0.011370815,0,3166,Graduate_No,6812.39485
LP002898,Male,Yes,1,Graduate,No,1880,0,61,360,,Rural,N,0.032446809,0,1880,Graduate_No,7199.620782
LP002911,Male,Yes,1,Graduate,No,2787,1917,146,360,0,Rural,N,0.031037415,0,4704,Graduate_No,7199.620782
LP002912,Male,Yes,1,Graduate,No,4283,3000,172,84,1,Rural,N,0.023616641,1,7283,Graduate_No,7199.620782
LP002916,Male,Yes,0,Graduate,No,2297,1522,104,360,1,Urban,Y,0.02723226,0,3819,Graduate_No,7114.59802
LP002917,Female,No,0,Not Graduate,No,2165,0,70,360,1,Semiurban,Y,0.032332564,0,2165,Not Graduate_No,6812.39485
LP002925,,No,0,Graduate,No,4750,0,94,360,1,Semiurban,Y,0.019789474,0,4750,Graduate_No,6812.39485
LP002926,Male,Yes,2,Graduate,Yes,2726,0,106,360,0,Semiurban,N,0.038884813,0,2726,Graduate_Yes,6812.39485
LP002928,Male,Yes,0,Graduate,No,3000,3416,56,180,1,Semiurban,Y,0.00872818,0,6416,Graduate_No,6812.39485
LP002931,Male,Yes,2,Graduate,Yes,6000,0,205,240,1,Semiurban,N,0.034166667,1,6000,Graduate_Yes,6812.39485
LP002933,,No,3+,Graduate,Yes,9357,0,292,360,1,Semiurban,Y,0.031206583,1,9357,Graduate_Yes,6812.39485
LP002936,Male,Yes,0,Graduate,No,3859,3300,142,180,1,Rural,Y,0.019835173,0,7159,Graduate_No,7199.620782
LP002938,Male,Yes,0,Graduate,Yes,16120,0,260,360,1,Urban,Y,0.016129032,1,16120,Graduate_Yes,7114.59802
LP002940,Male,No,0,Not Graduate,No,3833,0,110,360,1,Rural,Y,0.028698148,0,3833,Not Graduate_No,7199.620782
LP002941,Male,Yes,2,Not Graduate,Yes,6383,1000,187,360,1,Rural,N,0.025328457,1,7383,Not Graduate_Yes,7199.620782
LP002943,Male,No,,Graduate,No,2987,0,88,360,0,Semiurban,N,0.029460998,0,2987,Graduate_No,6812.39485
LP002945,Male,Yes,0,Graduate,Yes,9963,0,180,360,1,Rural,Y,0.018066847,1,9963,Graduate_Yes,7199.620782
LP002948,Male,Yes,2,Graduate,No,5780,0,192,360,1,Urban,Y,0.033217993,1,5780,Graduate_No,7114.59802
LP002949,Female,No,3+,Graduate,,416,41667,350,180,,Urban,N,0.008316898,1,42083,,7114.59802
LP002950,Male,Yes,0,Not Graduate,,2894,2792,155,360,1,Rural,Y,0.027259937,0,5686,,7199.620782
LP002953,Male,Yes,3+,Graduate,No,5703,0,128,360,1,Urban,Y,0.022444328,0,5703,Graduate_No,7114.59802
LP002958,Male,No,0,Graduate,No,3676,4301,172,360,1,Rural,Y,0.021561991,1,7977,Graduate_No,7199.620782
LP002959,Female,Yes,1,Graduate,No,12000,0,496,360,1,Semiurban,Y,0.041333333,1,12000,Graduate_No,6812.39485
LP002960,Male,Yes,0,Not Graduate,No,2400,3800,,180,1,Urban,N,,0,6200,Not Graduate_No,7114.59802
LP002961,Male,Yes,1,Graduate,No,3400,2500,173,360,1,Semiurban,Y,0.029322034,1,5900,Graduate_No,6812.39485
LP002964,Male,Yes,2,Not Graduate,No,3987,1411,157,360,1,Rural,Y,0.029084846,0,5398,Not Graduate_No,7199.620782
LP002974,Male,Yes,0,Graduate,No,3232,1950,108,360,1,Rural,Y,0.020841374,0,5182,Graduate_No,7199.620782
LP002978,Female,No,0,Graduate,No,2900,0,71,360,1,Rural,Y,0.024482759,0,2900,Graduate_No,7199.620782
LP002979,Male,Yes,3+,Graduate,No,4106,0,40,180,1,Rural,Y,0.009741841,0,4106,Graduate_No,7199.620782
LP002983,Male,Yes,1,Graduate,No,8072,240,253,360,1,Urban,Y,0.030437921,1,8312,Graduate_No,7114.59802
LP002984,Male,Yes,2,Graduate,No,7583,0,187,360,1,Urban,Y,0.024660425,1,7583,Graduate_No,7114.59802
LP002990,Female,No,0,Graduate,Yes,4583,0,133,360,0,Semiurban,N,0.029020292,0,4583,Graduate_Yes,6812.39485
